winner,looser
Команда Y,Команда Q
Команда L,Команда T
Команда M,Команда K
Команда P,Команда S
Команда R,Команда F
Команда T,Команда N
Команда N,Команда G
Команда D,Команда O
Команда Q,Команда M
Команда X,Команда T
Команда X,Команда B
Команда A,Команда M
Команда X,Команда A
Команда B,Команда Y
Команда E,Команда O
Команда A,Команда C
Команда M,Команда E
Команда N,Команда O
Команда Y,Команда J
Команда A,Команда H
Команда J,Команда G
Команда I,Команда W
Команда I,Команда U
Команда E,Команда I
Команда P,Команда N
Команда Z,Команда G
Команда T,Команда J
Команда Y,Команда K
Команда K,Команда I
Команда D,Команда N
Команда R,Команда W
Команда L,Команда I
Команда J,Команда T
Команда G,Команда V
Команда M,Команда N
Команда I,Команда H
Команда A,Команда V
Команда E,Команда P
Команда D,Команда V
Команда T,Команда Z
Команда Q,Команда K
Команда N,Команда U
Команда A,Команда Q
Команда O,Команда D
Команда R,Команда O
Команда Z,Команда G
Команда O,Команда C
Команда I,Команда V
Команда X,Команда F
Команда O,Команда K
Команда A,Команда P
Команда M,Команда Z
Команда S,Команда R
Команда J,Команда X
Команда L,Команда N
Команда C,Команда D
Команда C,Команда M
Команда Z,Команда Q
Команда A,Команда G
Команда H,Команда Q
Команда I,Команда P
Команда Z,Команда B
Команда I,Команда G
Команда E,Команда P
Команда A,Команда L
Команда G,Команда F
Команда C,Команда U
Команда M,Команда H
Команда Z,Команда W
Команда L,Команда I
Команда Z,Команда H
Команда U,Команда B
Команда B,Команда U
Команда R,Команда J
Команда M,Команда I
Команда Q,Команда N
Команда N,Команда T
Команда R,Команда X
Команда P,Команда Q
Команда I,Команда L
Команда P,Команда T
Команда T,Команда O
Команда F,Команда S
Команда B,Команда O
Команда A,Команда V
Команда S,Команда W
Команда Q,Команда U
Команда L,Команда A
Команда Y,Команда W
Команда D,Команда G
Команда E,Команда V
Команда Z,Команда L
Команда D,Команда Z
Команда D,Команда L
Команда D,Команда T
Команда J,Команда F
Команда G,Команда H
Команда J,Команда A
Команда N,Команда K
Команда Q,Команда A
Команда M,Команда Z
Команда B,Команда U
Команда N,Команда C
Команда T,Команда R
Команда B,Команда U
Команда U,Команда P
Команда G,Команда X
Команда C,Команда B
Команда P,Команда E
Команда Q,Команда R
Команда Q,Команда T
Команда Q,Команда B
Команда W,Команда R
Команда D,Команда C
Команда U,Команда O
Команда D,Команда Y
Команда G,Команда D
Команда L,Команда V
Команда D,Команда Z
Команда E,Команда Z
Команда J,Команда Y
Команда F,Команда I
Команда P,Команда U
Команда B,Команда V
Команда J,Команда A
Команда X,Команда Y
Команда R,Команда H
Команда B,Команда V
Команда T,Команда E
Команда G,Команда J
Команда O,Команда A
Команда O,Команда K
Команда C,Команда K
Команда B,Команда Q
Команда R,Команда Q
Команда W,Команда O
Команда B,Команда D
Команда K,Команда P
Команда M,Команда L
Команда W,Команда P
Команда P,Команда H
Команда M,Команда R
Команда P,Команда Q
Команда X,Команда O
Команда V,Команда J
Команда J,Команда N
Команда C,Команда X
Команда Z,Команда G
Команда V,Команда E
Команда X,Команда Y
Команда T,Команда X
Команда J,Команда K
Команда A,Команда E
Команда T,Команда Q
Команда W,Команда E
Команда N,Команда J
Команда H,Команда P
Команда Q,Команда D
Команда A,Команда S
Команда F,Команда X
Команда N,Команда X
Команда L,Команда E
Команда G,Команда F
Команда T,Команда A
Команда C,Команда F
Команда U,Команда G
Команда S,Команда Y
Команда X,Команда V
Команда W,Команда X
Команда C,Команда U
Команда Q,Команда N
Команда M,Команда G
Команда H,Команда P
Команда U,Команда T
Команда K,Команда H
Команда C,Команда Q
Команда W,Команда T
Команда W,Команда N
Команда N,Команда I
Команда B,Команда Z
Команда A,Команда T
Команда H,Команда P
Команда X,Команда W
Команда T,Команда W
Команда M,Команда F
Команда U,Команда R
Команда C,Команда M
Команда L,Команда Y
Команда K,Команда Y
Команда P,Команда W
Команда I,Команда X
Команда H,Команда M
Команда K,Команда C
Команда F,Команда A
Команда Q,Команда X
Команда N,Команда U
Команда C,Команда I
Команда U,Команда X
Команда B,Команда O
Команда T,Команда F
Команда C,Команда G
Команда J,Команда N
Команда E,Команда Y
Команда S,Команда V
Команда Z,Команда Q
Команда Y,Команда S
Команда V,Команда W
Команда N,Команда R
Команда O,Команда A
Команда E,Команда K
Команда Z,Команда K
Команда J,Команда M
Команда F,Команда C
Команда J,Команда K
Команда V,Команда J
Команда G,Команда X
Команда I,Команда X
Команда P,Команда J
Команда E,Команда J
Команда T,Команда G
Команда M,Команда B
Команда J,Команда N
Команда H,Команда M
Команда S,Команда N
Команда G,Команда T
Команда P,Команда L
Команда N,Команда Z
Команда X,Команда U
Команда N,Команда F
Команда O,Команда M
Команда D,Команда J
Команда V,Команда X
Команда E,Команда L
Команда O,Команда S
Команда Q,Команда S
Команда Y,Команда J
Команда H,Команда D
Команда Z,Команда I
Команда X,Команда L
Команда H,Команда U
Команда U,Команда J
Команда X,Команда D
Команда Y,Команда A
Команда T,Команда K
Команда K,Команда R
Команда V,Команда X
Команда Q,Команда V
Команда W,Команда J
Команда M,Команда E
Команда I,Команда G
Команда Q,Команда G
Команда D,Команда A
Команда C,Команда I
Команда W,Команда H
Команда Z,Команда B
Команда L,Команда G
Команда T,Команда V
Команда J,Команда C
Команда E,Команда K
Команда D,Команда I
Команда F,Команда E
Команда N,Команда P
Команда W,Команда C
Команда K,Команда J
Команда Q,Команда T
Команда N,Команда D
Команда Z,Команда U
Команда W,Команда S
Команда S,Команда Y
Команда F,Команда Y
Команда X,Команда V
Команда C,Команда D
Команда D,Команда G
Команда L,Команда K
Команда E,Команда C
Команда G,Команда O
Команда P,Команда Q
Команда C,Команда T
Команда E,Команда A
Команда H,Команда L
Команда S,Команда I
Команда Z,Команда U
Команда W,Команда R
Команда W,Команда E
Команда Y,Команда Z
Команда C,Команда F
Команда C,Команда R
Команда Z,Команда V
Команда C,Команда B
Команда E,Команда O
Команда A,Команда Q
Команда X,Команда J
Команда D,Команда W
Команда M,Команда D
Команда Y,Команда S
Команда M,Команда G
Команда S,Команда W
Команда V,Команда H
Команда P,Команда G
Команда Y,Команда W
Команда Q,Команда E
Команда J,Команда E
Команда G,Команда P
Команда T,Команда L
Команда T,Команда Z
Команда Z,Команда Y
Команда P,Команда O
Команда W,Команда O
Команда I,Команда Q
Команда I,Команда K
Команда C,Команда T
Команда W,Команда R
Команда C,Команда K
Команда V,Команда I
Команда O,Команда E
Команда B,Команда S
Команда T,Команда E
Команда I,Команда Y
Команда S,Команда R
Команда T,Команда D
Команда I,Команда E
Команда M,Команда O
Команда B,Команда L
Команда H,Команда N
Команда N,Команда W
Команда F,Команда V
Команда K,Команда Q
Команда J,Команда X
Команда Q,Команда O
Команда U,Команда Q
Команда T,Команда Y
Команда B,Команда V
Команда K,Команда I
Команда Y,Команда B
Команда W,Команда J
Команда W,Команда T
Команда L,Команда A
Команда G,Команда B
Команда T,Команда C
Команда M,Команда T
Команда D,Команда K
Команда U,Команда Y
Команда W,Команда I
Команда A,Команда M
Команда K,Команда P
Команда S,Команда E
Команда P,Команда E
Команда R,Команда P
Команда V,Команда G
Команда K,Команда J
Команда W,Команда X
Команда A,Команда I
Команда R,Команда Z
Команда W,Команда Y
Команда A,Команда T
Команда P,Команда S
Команда M,Команда A
Команда M,Команда S
Команда Y,Команда I
Команда I,Команда E
Команда N,Команда P
Команда P,Команда Q
Команда F,Команда V
Команда G,Команда Z
Команда E,Команда P
Команда R,Команда Q
Команда I,Команда X
Команда N,Команда O
Команда G,Команда P
Команда T,Команда D
Команда C,Команда K
Команда Z,Команда G
Команда O,Команда P
Команда E,Команда J
Команда P,Команда T
Команда E,Команда F
Команда Z,Команда U
Команда I,Команда S
Команда D,Команда P
Команда L,Команда R
Команда O,Команда Z
Команда C,Команда I
Команда O,Команда B
Команда P,Команда L
Команда N,Команда K
Команда V,Команда C
Команда Y,Команда K
Команда M,Команда B
Команда B,Команда T
Команда V,Команда X
Команда W,Команда O
Команда M,Команда T
Команда R,Команда Z
Команда C,Команда X
Команда O,Команда J
Команда N,Команда K
Команда T,Команда V
Команда P,Команда H
Команда D,Команда H
Команда L,Команда S
Команда W,Команда D
Команда C,Команда U
Команда H,Команда W
Команда C,Команда R
Команда U,Команда C
Команда U,Команда I
Команда R,Команда U
Команда V,Команда J
Команда V,Команда I
Команда S,Команда G
Команда Y,Команда P
Команда G,Команда V
Команда T,Команда I
Команда T,Команда K
Команда P,Команда O
Команда K,Команда O
Команда Q,Команда Y
Команда M,Команда O
Команда I,Команда Y
Команда E,Команда S
Команда I,Команда G
Команда J,Команда X
Команда C,Команда O
Команда P,Команда F
Команда B,Команда T
Команда B,Команда W
Команда P,Команда X
Команда B,Команда M
Команда D,Команда R
Команда O,Команда R
Команда K,Команда G
Команда Y,Команда V
Команда C,Команда D
Команда A,Команда J
Команда L,Команда O
Команда G,Команда V
Команда W,Команда L
Команда O,Команда R
Команда J,Команда T
Команда Q,Команда V
Команда A,Команда I
Команда S,Команда R
Команда F,Команда J
Команда N,Команда A
Команда U,Команда I
Команда V,Команда B
Команда X,Команда E
Команда H,Команда D
Команда F,Команда P
Команда I,Команда D
Команда K,Команда Y
Команда C,Команда K
Команда V,Команда H
Команда H,Команда J
Команда G,Команда B
Команда A,Команда E
Команда X,Команда P
Команда Q,Команда H
Команда E,Команда K
Команда C,Команда D
Команда B,Команда D
Команда O,Команда Z
Команда O,Команда M
Команда F,Команда L
Команда A,Команда N
Команда T,Команда X
Команда C,Команда M
Команда V,Команда G
Команда O,Команда H
Команда H,Команда T
Команда H,Команда W
Команда Q,Команда T
Команда D,Команда I
Команда C,Команда N
Команда R,Команда K
Команда Z,Команда L
Команда I,Команда V
Команда X,Команда J
Команда Q,Команда S
Команда B,Команда C
Команда Y,Команда D
Команда C,Команда H
Команда G,Команда Z
Команда Z,Команда J
Команда J,Команда W
Команда V,Команда X
Команда R,Команда U
Команда N,Команда Z
Команда A,Команда M
Команда Y,Команда L
Команда Y,Команда R
Команда B,Команда V
Команда W,Команда C
Команда X,Команда G
Команда Q,Команда H
Команда B,Команда V
Команда K,Команда Z
Команда Q,Команда P
Команда H,Команда A
Команда W,Команда G
Команда V,Команда R
Команда Q,Команда W
Команда C,Команда B
Команда Y,Команда S
Команда O,Команда Y
Команда I,Команда G
Команда D,Команда G
Команда S,Команда C
Команда T,Команда A
Команда U,Команда S
Команда V,Команда R
Команда O,Команда D
Команда S,Команда P
Команда G,Команда N
Команда V,Команда U
Команда U,Команда V
Команда O,Команда F
Команда A,Команда Z
Команда D,Команда W
Команда Y,Команда J
Команда T,Команда S
Команда W,Команда G
Команда L,Команда Z
Команда J,Команда P
Команда N,Команда X
Команда H,Команда R
Команда O,Команда X
Команда I,Команда D
Команда V,Команда F
Команда V,Команда Y
Команда F,Команда S
Команда I,Команда Q
Команда J,Команда P
Команда O,Команда Z
Команда G,Команда A
Команда C,Команда O
Команда S,Команда M
Команда N,Команда I
Команда C,Команда M
Команда A,Команда Q
Команда R,Команда B
Команда K,Команда M
Команда X,Команда I
Команда N,Команда W
Команда U,Команда H
Команда W,Команда F
Команда R,Команда H
Команда Z,Команда A
Команда X,Команда R
Команда K,Команда U
Команда R,Команда Y
Команда E,Команда K
Команда F,Команда M
Команда Z,Команда R
Команда D,Команда I
Команда S,Команда J
Команда W,Команда L
Команда C,Команда J
Команда D,Команда P
Команда I,Команда G
Команда V,Команда B
Команда T,Команда M
Команда R,Команда L
Команда J,Команда Y
Команда Q,Команда X
Команда J,Команда F
Команда H,Команда K
Команда Z,Команда V
Команда V,Команда H
Команда K,Команда Z
Команда G,Команда M
Команда W,Команда J
Команда U,Команда P
Команда M,Команда H
Команда H,Команда C
Команда G,Команда E
Команда B,Команда Q
Команда G,Команда P
Команда Y,Команда D
Команда I,Команда X
Команда C,Команда N
Команда F,Команда T
Команда U,Команда N
Команда J,Команда G
Команда S,Команда R
Команда M,Команда L
Команда K,Команда T
Команда N,Команда B
Команда I,Команда N
Команда G,Команда R
Команда Y,Команда I
Команда N,Команда M
Команда U,Команда P
Команда H,Команда R
Команда D,Команда E
Команда H,Команда Q
Команда B,Команда H
Команда P,Команда R
Команда Q,Команда L
Команда C,Команда U
Команда U,Команда N
Команда U,Команда Z
Команда X,Команда N
Команда L,Команда H
Команда U,Команда C
Команда A,Команда S
Команда J,Команда A
Команда H,Команда D
Команда J,Команда M
Команда S,Команда O
Команда J,Команда A
Команда R,Команда H
Команда E,Команда S
Команда A,Команда U
Команда B,Команда T
Команда K,Команда M
Команда Y,Команда V
Команда J,Команда N
Команда J,Команда U
Команда O,Команда G
Команда V,Команда Z
Команда B,Команда Z
Команда R,Команда A
Команда E,Команда V
Команда N,Команда P
Команда G,Команда X
Команда O,Команда B
Команда M,Команда N
Команда A,Команда O
Команда U,Команда N
Команда M,Команда T
Команда M,Команда D
Команда K,Команда S
Команда Z,Команда I
Команда N,Команда I
Команда E,Команда B
Команда O,Команда F
Команда D,Команда U
Команда A,Команда B
Команда O,Команда X
Команда P,Команда M
Команда J,Команда M
Команда I,Команда X
Команда Z,Команда T
Команда U,Команда N
Команда N,Команда L
Команда S,Команда D
Команда C,Команда W
Команда Q,Команда L
Команда K,Команда C
Команда E,Команда A
Команда H,Команда I
Команда V,Команда N
Команда O,Команда D
Команда X,Команда F
Команда R,Команда C
Команда I,Команда H
Команда P,Команда J
Команда A,Команда G
Команда N,Команда I
Команда Y,Команда U
Команда D,Команда S
Команда V,Команда C
Команда G,Команда E
Команда P,Команда T
Команда Z,Команда I
Команда J,Команда L
Команда Z,Команда B
Команда M,Команда O
Команда N,Команда F
Команда W,Команда Z
Команда E,Команда H
Команда H,Команда E
Команда R,Команда S
Команда M,Команда K
Команда D,Команда C
Команда A,Команда R
Команда D,Команда X
Команда K,Команда L
Команда F,Команда G
Команда V,Команда Y
Команда R,Команда O
Команда Z,Команда U
Команда S,Команда L
Команда M,Команда U
Команда U,Команда Z
Команда H,Команда P
Команда T,Команда R
Команда G,Команда N
Команда R,Команда O
Команда R,Команда Z
Команда Y,Команда F
Команда D,Команда R
Команда I,Команда V
Команда M,Команда H
Команда K,Команда R
Команда D,Команда J
Команда Y,Команда W
Команда W,Команда V
Команда Z,Команда O
Команда Y,Команда O
Команда D,Команда N
Команда K,Команда V
Команда S,Команда B
Команда H,Команда W
Команда Q,Команда T
Команда V,Команда R
Команда S,Команда F
Команда G,Команда Q
Команда W,Команда G
Команда Z,Команда E
Команда S,Команда W
Команда W,Команда C
Команда M,Команда E
Команда G,Команда N
Команда Y,Команда O
Команда R,Команда E
Команда K,Команда P
Команда J,Команда N
Команда R,Команда M
Команда W,Команда F
Команда D,Команда U
Команда O,Команда C
Команда G,Команда Z
Команда G,Команда J
Команда K,Команда H
Команда T,Команда D
Команда T,Команда Q
Команда Z,Команда O
Команда Q,Команда E
Команда Y,Команда N
Команда K,Команда S
Команда Q,Команда D
Команда M,Команда A
Команда Z,Команда J
Команда L,Команда F
Команда H,Команда R
Команда E,Команда Z
Команда J,Команда Z
Команда Q,Команда K
Команда O,Команда E
Команда R,Команда K
Команда K,Команда H
Команда O,Команда M
Команда N,Команда G
Команда T,Команда R
Команда A,Команда Y
Команда D,Команда F
Команда G,Команда H
Команда S,Команда E
Команда P,Команда O
Команда K,Команда T
Команда G,Команда K
Команда Z,Команда X
Команда F,Команда L
Команда V,Команда Z
Команда V,Команда R
Команда G,Команда J
Команда R,Команда W
Команда I,Команда T
Команда W,Команда K
Команда P,Команда S
Команда O,Команда U
Команда W,Команда V
Команда K,Команда E
Команда Y,Команда P
Команда Z,Команда V
Команда N,Команда A
Команда I,Команда B
Команда K,Команда L
Команда N,Команда Q
Команда M,Команда Q
Команда Y,Команда U
Команда L,Команда Q
Команда E,Команда N
Команда D,Команда A
Команда M,Команда T
Команда D,Команда J
Команда U,Команда C
Команда Y,Команда W
Команда Z,Команда C
Команда F,Команда M
Команда X,Команда V
Команда Y,Команда D
Команда B,Команда K
Команда Q,Команда J
Команда L,Команда R
Команда B,Команда S
Команда P,Команда Y
Команда F,Команда P
Команда A,Команда V
Команда U,Команда C
Команда P,Команда Y
Команда Q,Команда T
Команда Q,Команда L
Команда J,Команда K
Команда Y,Команда U
Команда P,Команда U
Команда R,Команда L
Команда M,Команда H
Команда T,Команда E
Команда P,Команда U
Команда J,Команда M
Команда H,Команда I
Команда V,Команда B
Команда F,Команда Z
Команда T,Команда Q
Команда J,Команда O
Команда R,Команда U
Команда Q,Команда I
Команда Z,Команда X
Команда V,Команда C
Команда S,Команда G
Команда H,Команда X
Команда I,Команда C
Команда A,Команда N
Команда U,Команда P
Команда R,Команда L
Команда M,Команда W
Команда I,Команда V
Команда O,Команда G
Команда C,Команда T
Команда B,Команда K
Команда Y,Команда G
Команда T,Команда G
Команда X,Команда C
Команда T,Команда H
Команда D,Команда T
Команда W,Команда R
Команда V,Команда D
Команда R,Команда T
Команда Q,Команда N
Команда F,Команда X
Команда V,Команда T
Команда A,Команда U
Команда J,Команда L
Команда T,Команда X
Команда V,Команда Z
Команда S,Команда F
Команда B,Команда J
Команда D,Команда N
Команда I,Команда E
Команда X,Команда B
Команда O,Команда J
Команда G,Команда B
Команда X,Команда Q
Команда A,Команда O
Команда Z,Команда B
Команда J,Команда O
Команда B,Команда X
Команда W,Команда N
Команда R,Команда Y
Команда S,Команда J
Команда T,Команда O
Команда V,Команда R
Команда F,Команда R
Команда O,Команда D
Команда P,Команда W
Команда A,Команда L
Команда W,Команда D
Команда H,Команда R
Команда O,Команда H
Команда U,Команда J
Команда Q,Команда S
Команда S,Команда B
Команда G,Команда A
Команда O,Команда E
Команда N,Команда D
Команда O,Команда Y
Команда S,Команда B
Команда L,Команда D
Команда B,Команда V
Команда Y,Команда Z
Команда X,Команда U
Команда Z,Команда C
Команда L,Команда O
Команда L,Команда S
Команда G,Команда U
Команда V,Команда U
Команда F,Команда A
Команда F,Команда S
Команда Z,Команда E
Команда D,Команда J
Команда W,Команда S
Команда E,Команда S
Команда A,Команда O
Команда M,Команда F
Команда Y,Команда Q
Команда T,Команда Q
Команда J,Команда G
Команда B,Команда D
Команда I,Команда B
Команда I,Команда M
Команда L,Команда Y
Команда C,Команда K
Команда P,Команда D
Команда F,Команда K
Команда N,Команда Y
Команда C,Команда N
Команда C,Команда B
Команда U,Команда N
Команда C,Команда Z
Команда C,Команда I
Команда P,Команда R
Команда D,Команда N
Команда T,Команда L
Команда U,Команда Z
Команда Q,Команда R
Команда L,Команда Q
Команда K,Команда G
Команда N,Команда W
Команда R,Команда T
Команда W,Команда U
Команда T,Команда S
Команда L,Команда N
Команда L,Команда T
Команда L,Команда E
Команда D,Команда R
Команда L,Команда D
Команда N,Команда W
Команда L,Команда B
Команда M,Команда L
Команда Z,Команда V
Команда N,Команда E
Команда X,Команда Z
Команда Y,Команда S
Команда O,Команда M
Команда V,Команда C
Команда W,Команда V
Команда M,Команда H
Команда A,Команда T
Команда Z,Команда W
Команда S,Команда W
Команда I,Команда J
Команда H,Команда Q
Команда H,Команда J
Команда J,Команда X
Команда T,Команда G
Команда B,Команда F
Команда J,Команда M
Команда H,Команда I
Команда M,Команда F
Команда M,Команда U
Команда S,Команда T
Команда T,Команда G
Команда N,Команда O
Команда L,Команда P
Команда B,Команда S
Команда S,Команда Q
Команда Q,Команда X
Команда S,Команда Z
Команда W,Команда C
Команда K,Команда A
Команда A,Команда B
Команда G,Команда U
Команда E,Команда F
Команда D,Команда U
Команда T,Команда O
Команда A,Команда O
Команда K,Команда B
Команда V,Команда P
Команда S,Команда X
Команда M,Команда J
Команда Q,Команда E
Команда I,Команда L
Команда N,Команда P
Команда N,Команда Q
Команда X,Команда U
Команда F,Команда I
Команда D,Команда A
Команда L,Команда G
Команда F,Команда V
Команда R,Команда O
Команда Q,Команда T
Команда L,Команда O
Команда M,Команда S
Команда F,Команда I
Команда W,Команда I
Команда T,Команда K
Команда Y,Команда O
Команда I,Команда U
Команда Q,Команда B
Команда P,Команда D
Команда W,Команда I
Команда D,Команда O
Команда V,Команда I
Команда I,Команда J
Команда W,Команда G
Команда D,Команда S
Команда K,Команда X
Команда U,Команда Z
Команда S,Команда K
Команда I,Команда Z
Команда T,Команда N
Команда Z,Команда F
Команда W,Команда K
Команда T,Команда N
Команда P,Команда M
Команда C,Команда N
Команда Y,Команда S
